"Issue Type","Issue Key","Summary","Description","Priority","Story Points","Sprint","Epic Name","Epic Link","Status","Labels","Labels","Labels"
"Epic","EP-00","EP-00 Infraestructura y DevOps","Objetivo del Sprint: Establecer la infraestructura y automatizar los despliegues.

Periodo: 21 Sep 2026 - 02 Oct 2026
Referencia: Tabla 14 del documento Capstone.","High","","","Infraestructura y DevOps","","To Do","EP-00","",""
"Epic","EP-01","EP-01 Seguridad, RBAC y Auditoría","Objetivo del Sprint: Habilitar el acceso seguro y la gestion de roles de la empresa.

Periodo: 05 Oct 2026 - 16 Oct 2026
Referencia: Tabla 14 del documento Capstone.","High","","","Seguridad, RBAC y Auditoría","","To Do","EP-01","",""
"Epic","EP-02","EP-02 Producción y Órdenes de Producción","Objetivo del Sprint: Digitalizar el registro en planta y el control de Ordenes de Produccion.

Periodo: 19 Oct 2026 - 30 Oct 2026
Referencia: Tabla 14 del documento Capstone.","High","","","Producción y Órdenes de Producción","","To Do","EP-02","",""
"Epic","EP-03","EP-03 Kárdex de Inventario","Objetivo del Sprint: Sustituir los registros manuales de bodega por un Kardex digital auditable.

Periodo: 02 Nov 2026 - 13 Nov 2026
Referencia: Tabla 14 del documento Capstone.","High","","","Kárdex de Inventario","","To Do","EP-03","",""
"Epic","EP-04","EP-04 Transformación y MRP","Objetivo del Sprint: Conectar la produccion con el inventario y sugerir compras de materiales.

Periodo: 16 Nov 2026 - 27 Nov 2026
Referencia: Tabla 14 del documento Capstone.","High","","","Transformación y MRP","","To Do","EP-04","",""
"Epic","EP-05","EP-05 Comercial y Control de Crédito","Objetivo del Sprint: Automatizar el ciclo de ventas, validacion de creditos y pagos.

Periodo: 30 Nov 2026 - 11 Dic 2026
Referencia: Tabla 14 del documento Capstone.","High","","","Comercial y Control de Crédito","","To Do","EP-05","",""
"Epic","EP-06","EP-06 Tintorería y Empaquetado","Objetivo del Sprint: Estandarizar las recetas de tintoreria y emitir etiquetas de empaque.

Periodo: 14 Dic 2026 - 25 Dic 2026
Referencia: Tabla 14 del documento Capstone.","High","","","Tintorería y Empaquetado","","To Do","EP-06","",""
"Epic","EP-07","EP-07 Despacho y Dashboard Ejecutivo","Objetivo del Sprint: Asegurar despachos con escaner y proveer tableros de control a gerencia.

Periodo: 04 Ene 2027 - 15 Ene 2027
Referencia: Tabla 14 del documento Capstone.","High","","","Despacho y Dashboard Ejecutivo","","To Do","EP-07","",""
"Epic","EP-08","EP-08 Administración y Code Freeze","Objetivo del Sprint: Permitir la autoadministracion de catalogos y congelar el sistema.

Periodo: 18 Ene 2027 - 29 Ene 2027
Referencia: Tabla 14 del documento Capstone.","High","","","Administración y Code Freeze","","To Do","EP-08","",""
"Story","TEX-01","TEX-01 Orquestación de contenedores con Docker Compose","Como desarrollador quiero levantar todo el stack de TexCore con un solo comando para eliminar las diferencias de entorno entre mi equipo y el servidor.

CRITERIOS DE ACEPTACION

* CA-1: Dado un equipo con Docker instalado y sin configuración previa, cuando ejecuto docker compose up, entonces se levantan los contenedores de backend Django, frontend React, base de datos SQL Server 2022 y los tres microservicios FastAPI, y todos alcanzan estado healthy sin intervención manual.
* CA-2: Dado el stack levantado, cuando consulto el estado de los contenedores, entonces ninguno presenta reinicios en bucle ni errores en el log de arranque.
* CA-3: Dado que detengo y vuelvo a levantar el stack, cuando consulto la base de datos, entonces los datos persisten por estar montados en un volumen nombrado.

TRAZABILIDAD

Requisitos: RNF-04
Referencia: TEX-01 del Product Backlog de TexCore","High","5","Sprint 0","","Infraestructura y DevOps","To Do","EP-00","RNF-04",""
"Story","TEX-02","TEX-02 Red de contenedores aislada y comunicación entre servicios","Como desarrollador quiero que los servicios se comuniquen por nombre dentro de una red privada para que ningún puerto interno quede expuesto al exterior.

CRITERIOS DE ACEPTACION

* CA-1: Dado el stack levantado, cuando el backend resuelve el nombre de host de un microservicio, entonces la conexión se establece por la red interna sin pasar por el host.
* CA-2: Dado un intento de conexión directa desde fuera del host al puerto de la base de datos, cuando se ejecuta la conexión, entonces es rechazada por no estar el puerto publicado.

TRAZABILIDAD

Requisitos: RNF-01, RNF-04
Referencia: TEX-02 del Product Backlog de TexCore","High","3","Sprint 0","","Infraestructura y DevOps","To Do","EP-00","RNF-01","RNF-04"
"Story","TEX-03","TEX-03 API Gateway con Nginx como punto único de entrada","Como administrador de sistemas quiero un único punto de entrada que enrute al backend, al frontend y a los microservicios para simplificar el despliegue y la gestión de certificados.

CRITERIOS DE ACEPTACION

* CA-1: Dado el gateway en ejecución, cuando solicito una ruta de API, entonces Nginx la enruta al backend Django conservando cabeceras de origen.
* CA-2: Dado el gateway en ejecución, cuando solicito la raíz del sitio, entonces Nginx sirve la aplicación React compilada.
* CA-3: Dado una petición que atraviesa el gateway, cuando el backend registra la auditoría, entonces la IP de origen real se preserva y no se sustituye por la del proxy.

TRAZABILIDAD

Requisitos: RNF-04
Referencia: TEX-03 del Product Backlog de TexCore","High","5","Sprint 0","","Infraestructura y DevOps","To Do","EP-00","RNF-04",""
"Story","TEX-04","TEX-04 Pipeline de CI con Quality Gates","Como desarrollador quiero que cada push ejecute análisis estático y pruebas automáticamente para impedir que código defectuoso alcance la rama principal.

CRITERIOS DE ACEPTACION

* CA-1: Dado un push a cualquier rama, cuando arranca el pipeline, entonces ejecuta en orden flake8, bandit y detect-secrets, y falla la ejecución si alguno reporta hallazgos.
* CA-2: Dado que el análisis estático pasa, cuando continúa el pipeline, entonces levanta una base de datos efímera y ejecuta la suite con pytest.
* CA-3: Dado que la cobertura resultante es inferior al 75 %, cuando finaliza la fase de pruebas, entonces el pipeline falla e impide la mezcla del código.

TRAZABILIDAD

Requisitos: RNF-04
Referencia: TEX-04 del Product Backlog de TexCore","High","5","Sprint 0","","Infraestructura y DevOps","To Do","EP-00","RNF-04",""
"Story","TEX-05","TEX-05 Estructura base del repositorio y estándares de desarrollo","Como desarrollador quiero una estructura de proyecto documentada con estándares explícitos para que el código mantenga una organización coherente desde el inicio.

CRITERIOS DE ACEPTACION

* CA-1: Dado el repositorio inicializado, cuando reviso su estructura, entonces existen los módulos gestion, inventory, internal_api, frontend y los tres microservicios, cada uno con su propio conjunto de pruebas.
* CA-2: Dado un nuevo colaborador, cuando consulta la documentación de estándares, entonces encuentra la convención de nombres de pruebas ISTQB y las reglas de acceso a base de datos.

TRAZABILIDAD

Requisitos: RNF-04
Referencia: TEX-05 del Product Backlog de TexCore","Medium","3","Sprint 0","","Infraestructura y DevOps","To Do","EP-00","RNF-04",""
"Story","TEX-06","TEX-06 Autenticación con JWT en cookies HttpOnly","Como usuario del sistema quiero iniciar sesión de forma segura para que mis credenciales y mi sesión no queden expuestas a robo desde el navegador.

CRITERIOS DE ACEPTACION

* CA-1: Dado un usuario con credenciales válidas, cuando inicia sesión, entonces el sistema emite un JWT almacenado en una cookie marcada HttpOnly, Secure y SameSite, y el token no resulta accesible desde JavaScript.
* CA-2: Dado una petición con un token expirado, cuando se consulta cualquier endpoint protegido, entonces el sistema responde 401 sin revelar detalle del error.
* CA-3: Dado una petición sin token, cuando se consulta un endpoint protegido, entonces el sistema responde 401.
* CA-4: Dado un usuario autenticado, cuando cierra sesión, entonces la cookie se invalida y el token deja de ser aceptado.

VERIFICACION

gestion/tests/test_cookie_jwt_auth.py — técnicas EP, CB-D.

TRAZABILIDAD

Requisitos: RNF-01
Referencia: TEX-06 del Product Backlog de TexCore","High","8","Sprint 1","","Seguridad, RBAC y Auditoría","To Do","EP-01","RNF-01",""
"Story","TEX-07","TEX-07 Control de acceso basado en roles para los once roles","Como administrador de sistemas quiero que cada rol acceda únicamente a las funciones de su competencia para cumplir la segregación de funciones exigida por la organización.

CRITERIOS DE ACEPTACION

* CA-1: Dado el sistema inicializado, cuando se consultan los grupos de permisos, entonces existen los once roles: Operario, Jefe de Área, Jefe de Planta, Tintorero, Empaquetado, Despacho, Bodeguero, Vendedor, Ejecutivo, Administrador de Sede y Administrador de Sistemas.
* CA-2: Dado un usuario con rol Operario, cuando intenta acceder a un endpoint de administración, entonces el sistema responde 403.
* CA-3: Dado cualquier endpoint del sistema, cuando se audita su configuración de permisos, entonces el 100 % exige autenticación y declara explícitamente los roles autorizados, conforme a la métrica de RNF-01.
* CA-4: Dado la matriz completa de roles contra endpoints, cuando se ejecuta la prueba de autorización, entonces cada combinación rol–operación produce el resultado esperado (permitido o denegado).

VERIFICACION

inventory/tests/test_roles_rbac.py — técnica TD (Tabla de Decisión).

TRAZABILIDAD

Requisitos: RNF-02
Referencia: TEX-07 del Product Backlog de TexCore","High","8","Sprint 1","","Seguridad, RBAC y Auditoría","To Do","EP-01","RNF-02",""
"Story","TEX-08","TEX-08 Aislamiento multi-sede de la información","Como administrador de sede quiero que cada sede vea solo sus propios datos para evitar fugas de información entre plantas de la organización.

CRITERIOS DE ACEPTACION

* CA-1: Dado un usuario asignado a la sede A, cuando consulta cualquier listado operativo, entonces obtiene exclusivamente registros de la sede A.
* CA-2: Dado un usuario de la sede A, cuando solicita por identificador un registro de la sede B, entonces el sistema responde 404, sin confirmar la existencia del registro.
* CA-3: Dado un usuario con rol Administrador de Sistemas, cuando consulta un listado, entonces obtiene los registros de todas las sedes.

VERIFICACION

gestion/tests/test_cliente_sede_filtering.py — técnica EP.

TRAZABILIDAD

Requisitos: RNF-02
Referencia: TEX-08 del Product Backlog de TexCore","High","8","Sprint 1","","Seguridad, RBAC y Auditoría","To Do","EP-01","RNF-02",""
"Story","TEX-09","TEX-09 Registro de auditoría inmutable en operaciones críticas","Como auditor quiero que toda operación crítica quede registrada de forma inalterable para poder reconstruir qué ocurrió, cuándo y por obra de quién.

CRITERIOS DE ACEPTACION

* CA-1: Dado cualquier operación de creación, modificación o eliminación sobre una entidad auditable, cuando la operación se confirma, entonces se registra usuario, marca de tiempo, dirección IP de origen y valores anterior y posterior.
* CA-2: Dado un registro de auditoría existente, cuando se intenta modificarlo o eliminarlo, entonces la operación es rechazada.
* CA-3: Dado una petición que llega con la cabecera X-Forwarded-For manipulada, cuando el sistema extrae la IP de origen, entonces utiliza únicamente la cadena de proxies de confianza, descartando el valor suplantado.

VERIFICACION

gestion/tests/test_audit_middleware.py — técnicas EP, BVA, CB-D.

TRAZABILIDAD

Requisitos: RNF-01
Referencia: TEX-09 del Product Backlog de TexCore","High","5","Sprint 1","","Seguridad, RBAC y Auditoría","To Do","EP-01","RNF-01",""
"Story","TEX-10","TEX-10 Justificación obligatoria en modificación de datos maestros","Como auditor quiero que toda modificación de un dato maestro exija una justificación escrita para que el historial explique el porqué de cada cambio.

CRITERIOS DE ACEPTACION

* CA-1: Dado un cliente existente, cuando se actualiza sin adjuntar justificación, entonces el sistema rechaza la operación con error de validación.
* CA-2: Dado la creación de un cliente nuevo, cuando se envía sin justificación, entonces la operación se acepta, pues la exigencia aplica solo a modificaciones.
* CA-3: Dado una justificación de menos de 10 caracteres, cuando se envía la modificación, entonces el sistema la rechaza por longitud insuficiente.

VERIFICACION

gestion/tests/test_cliente_auditoria_justificacion.py — técnica CB-D.

TRAZABILIDAD

Requisitos: RNF-01
Referencia: TEX-10 del Product Backlog de TexCore","Medium","3","Sprint 1","","Seguridad, RBAC y Auditoría","To Do","EP-01","RNF-01",""
"Story","TEX-11","TEX-11 Creación de Órdenes de Producción","Como Jefe de Planta quiero crear órdenes de producción indicando producto, fórmula de color y meta de producción para planificar la carga de la planta.

CRITERIOS DE ACEPTACION

* CA-1: Dado mi rol de Jefe de Planta, cuando creo una orden indicando producto, fórmula de color, peso neto requerido y área responsable, entonces la orden se registra en estado Pendiente.
* CA-2: Dado una orden sin producto o sin meta de producción, cuando intento guardarla, entonces el sistema la rechaza indicando los campos faltantes.
* CA-3: Dado mi rol de Operario, cuando intento crear una orden de producción, entonces el sistema responde 403.
* CA-4: Dado una orden creada con fórmula y bodega de químicos asociadas, cuando se confirma la creación, entonces el sistema ejecuta la descarga automática de químicos correspondiente.

VERIFICACION

gestion/tests/test_production_views.py, test_descarga_quimicos_tdd.py — técnicas TD, EP, CB-D.

TRAZABILIDAD

Requisitos: RF-01
Referencia: TEX-11 del Product Backlog de TexCore","High","5","Sprint 2","","Producción y Órdenes de Producción","To Do","EP-02","RF-01",""
"Story","TEX-12","TEX-12 Registro de lote de producción en un solo paso","Como Operario quiero registrar la producción de un lote con un solo clic para no interrumpir la operación de la máquina.

CRITERIOS DE ACEPTACION

* CA-1: Dado una orden asignada a mi usuario en estado En Proceso, cuando registro peso, turno y horas y confirmo, entonces el sistema crea el lote con código trazable autogenerado y actualiza el inventario dentro de la misma transacción atómica.
* CA-2: Dado una orden sin máquina u operario asignado, cuando intento registrar un lote, entonces el sistema rechaza la operación, conforme a la regla de RF-01.
* CA-3: Dado que el registro alcanza o supera la meta de la orden, cuando se confirma el lote, entonces el sistema sugiere el cambio de estado a Finalizada.
* CA-4: Dado un fallo al actualizar el inventario, cuando se procesa el registro, entonces se revierte la transacción completa y no queda ningún lote huérfano.
* CA-5: Dado el flujo completo de registro, cuando se cuenta la interacción del operario, entonces no supera los tres pasos, conforme a la métrica de RNF-05.

VERIFICACION

gestion/tests/test_registro_lote_*.py — técnicas EP, BVA, STT.

TRAZABILIDAD

Requisitos: RF-01, RNF-05
Referencia: TEX-12 del Product Backlog de TexCore","High","5","Sprint 2","","Producción y Órdenes de Producción","To Do","EP-02","RF-01","RNF-05"
"Story","TEX-13","TEX-13 Asignación de máquina y operario a una orden","Como Jefe de Área quiero asignar una máquina y un operario a cada orden para habilitarla para producción y distribuir la carga de mi área.

CRITERIOS DE ACEPTACION

* CA-1: Dado una orden en estado Pendiente de mi área, cuando le asigno máquina y operario, entonces la orden transita automáticamente a En Proceso.
* CA-2: Dado una orden perteneciente a otra área, cuando intento asignarle recursos, entonces el sistema responde 403.
* CA-3: Dado una máquina en estado de mantenimiento, cuando intento asignarla, entonces el sistema rechaza la asignación.

VERIFICACION

gestion/tests/test_production_views.py — técnicas TD, STT.

TRAZABILIDAD

Requisitos: RF-01
Referencia: TEX-13 del Product Backlog de TexCore","High","5","Sprint 2","","Producción y Órdenes de Producción","To Do","EP-02","RF-01",""
"Story","TEX-14","TEX-14 Máquina de estados del ciclo de vida de la orden","Como Jefe de Planta quiero que las órdenes solo transiten entre estados válidos para que el avance reportado refleje la realidad de la planta.

CRITERIOS DE ACEPTACION

* CA-1: Dado una orden en estado Pendiente, cuando se le asignan recursos, entonces transita a En Proceso.
* CA-2: Dado una orden en estado Pendiente, cuando se intenta finalizarla directamente, entonces el sistema rechaza la transición por inválida.
* CA-3: Dado una orden en estado Finalizada, cuando se intenta registrar un lote sobre ella, entonces el sistema rechaza la operación.
* CA-4: Dado una orden en curso, cuando se pausa y luego se reanuda, entonces conserva el avance acumulado previamente.

VERIFICACION

gestion/tests/test_production_views.py — técnica STT (Transición de Estados).

TRAZABILIDAD

Requisitos: RF-01
Referencia: TEX-14 del Product Backlog de TexCore","High","5","Sprint 2","","Producción y Órdenes de Producción","To Do","EP-02","RF-01",""
"Story","TEX-15","TEX-15 Gestión de maquinaria del área","Como Jefe de Área quiero administrar las máquinas de mi área y su estado para reflejar su disponibilidad real al planificar.

CRITERIOS DE ACEPTACION

* CA-1: Dado mi rol de Jefe de Área, cuando creo o edito una máquina, entonces queda registrada en mi área con estado Operativa, Mantenimiento o Inactiva.
* CA-2: Dado el panel de control de área, cuando lo consulto, entonces muestra la carga de trabajo actual de cada máquina frente a su capacidad máxima.

VERIFICACION

gestion/tests/test_production_views.py — técnicas EP, TD.

TRAZABILIDAD

Requisitos: RF-01
Referencia: TEX-15 del Product Backlog de TexCore","Medium","3","Sprint 2","","Producción y Órdenes de Producción","To Do","EP-02","RF-01",""
"Story","TEX-16","TEX-16 Rechazo de lote con reversión de inventario","Como Jefe de Área quiero rechazar un lote defectuoso para que el inventario no contabilice producto que no cumple calidad.

CRITERIOS DE ACEPTACION

* CA-1: Dado un lote producido en mi área, cuando lo rechazo indicando motivo, entonces el sistema revierte todos los movimientos de inventario asociados, conforme a la regla de RF-01.
* CA-2: Dado un lote ya despachado, cuando intento rechazarlo, entonces el sistema impide la operación.
* CA-3: Dado un rechazo confirmado, cuando consulto la auditoría, entonces encuentro el registro con usuario, motivo y marca de tiempo.

VERIFICACION

gestion/tests/test_production_views.py — técnicas STT, CB-D.

TRAZABILIDAD

Requisitos: RF-01, RF-02
Referencia: TEX-16 del Product Backlog de TexCore","High","5","Sprint 2","","Producción y Órdenes de Producción","To Do","EP-02","RF-01","RF-02"
"Story","TEX-17","TEX-17 Monitoreo del avance de planta","Como Jefe de Planta quiero ver el avance global de las órdenes con su detalle para detectar desviaciones sin recorrer la planta.

CRITERIOS DE ACEPTACION

* CA-1: Dado el panel de Jefe de Planta, cuando lo abro, entonces muestra todas las órdenes de mi sede con su estado y barra de progreso.
* CA-2: Dado el listado de órdenes, cuando selecciono una fila, entonces se abre un panel lateral con producto, fórmula, sede, área responsable, fechas y almacenes.
* CA-3: Dado una consulta del panel con la sede completa cargada, cuando se mide el tiempo de respuesta, entonces es inferior a 3 segundos, conforme a la métrica de RNF-03.

VERIFICACION

gestion/tests/test_produccion_kpi_service.py — técnica EP.

TRAZABILIDAD

Requisitos: RF-01
Referencia: TEX-17 del Product Backlog de TexCore","Medium","4","Sprint 2","","Producción y Órdenes de Producción","To Do","EP-02","RF-01",""
"Story","TEX-18","TEX-18 Kárdex transaccional con saldo en tiempo real","Como Bodeguero quiero que cada movimiento actualice el saldo al instante para que el inventario del sistema coincida con la bodega física.

CRITERIOS DE ACEPTACION

* CA-1: Dado un producto con saldo conocido, cuando registro una entrada, entonces el saldo se incrementa en la cantidad exacta dentro de la misma transacción.
* CA-2: Dado un producto con saldo conocido, cuando registro una salida, entonces el saldo se decrementa y queda asentado el saldo resultante en el kárdex.
* CA-3: Dado dos movimientos simultáneos sobre el mismo producto, cuando se procesan concurrentemente, entonces el bloqueo a nivel de fila impide condiciones de carrera y el saldo final es consistente.
* CA-4: Dado un producto de tipo tela, cuando registro una cantidad en metros, entonces se almacena con precisión decimal de cuatro posiciones sin pérdida por redondeo.

VERIFICACION

inventory/tests/test_views_endpoints.py — técnicas EP, BVA, CB-D.

TRAZABILIDAD

Requisitos: RF-02
Referencia: TEX-18 del Product Backlog de TexCore","High","8","Sprint 3","","Kárdex de Inventario","To Do","EP-03","RF-02",""
"Story","TEX-19","TEX-19 Entrada de materia prima con trazabilidad de lote","Como Bodeguero quiero registrar la recepción de materia prima identificando su lote de origen para poder rastrear el material hasta el producto terminado.

CRITERIOS DE ACEPTACION

* CA-1: Dado una recepción de proveedor, cuando registro producto, cantidad, bodega y documento de referencia, entonces se crea el lote de materia prima con su saldo disponible.
* CA-2: Dado un lote de materia prima consumido en producción, cuando consulto su trazabilidad, entonces obtengo las órdenes de producción que lo consumieron.
* CA-3: Dado una entrada sin documento de referencia, cuando intento guardarla, entonces el sistema la rechaza.

VERIFICACION

gestion/tests/test_materia_prima_f0_001.py — técnicas EP, BVA, STT.

TRAZABILIDAD

Requisitos: RF-02
Referencia: TEX-19 del Product Backlog de TexCore","High","5","Sprint 3","","Kárdex de Inventario","To Do","EP-03","RF-02",""
"Story","TEX-20","TEX-20 Transferencia de existencias entre bodegas","Como Bodeguero quiero transferir producto entre bodegas para reubicar existencias sin alterar el inventario total.

CRITERIOS DE ACEPTACION

* CA-1: Dado stock suficiente en la bodega de origen, cuando transfiero una cantidad a la bodega de destino, entonces el origen se decrementa y el destino se incrementa en la misma transacción, y el inventario total permanece invariable.
* CA-2: Dado una cantidad superior al saldo de origen, cuando intento transferir, entonces el sistema rechaza la operación.
* CA-3: Dado una transferencia con bodega de origen igual a la de destino, cuando intento guardarla, entonces el sistema la rechaza por inválida.
* CA-4: Dado una transferencia de cantidad cero o negativa, cuando se envía, entonces el serializador la rechaza.

VERIFICACION

inventory/tests/test_serializers.py, test_views_endpoints.py — técnicas BVA, EP.

TRAZABILIDAD

Requisitos: RF-02
Referencia: TEX-20 del Product Backlog de TexCore","High","5","Sprint 3","","Kárdex de Inventario","To Do","EP-03","RF-02",""
"Story","TEX-21","TEX-21 Edición auditada de movimientos de inventario","Como Bodeguero quiero corregir un movimiento mal registrado dejando constancia para que el ajuste sea rastreable y no una alteración silenciosa.

CRITERIOS DE ACEPTACION

* CA-1: Dado un movimiento existente, cuando lo edito aportando una razón de al menos 10 caracteres, entonces el sistema recalcula el saldo y registra el cambio en la auditoría.
* CA-2: Dado una edición sin razón o con razón menor a 10 caracteres, cuando la envío, entonces el sistema la rechaza.
* CA-3: Dado una edición que dejaría el saldo en negativo, cuando la confirmo, entonces el sistema la rechaza, conforme a la regla de RF-02.

VERIFICACION

inventory/tests/test_movimiento_views.py — técnicas EP, BVA, CB-D.

TRAZABILIDAD

Requisitos: RF-02
Referencia: TEX-21 del Product Backlog de TexCore","High","5","Sprint 3","","Kárdex de Inventario","To Do","EP-03","RF-02",""
"Story","TEX-22","TEX-22 Consulta y exportación del kárdex","Como Bodeguero quiero consultar el histórico de movimientos de un producto y exportarlo para conciliar con los registros físicos de bodega.

CRITERIOS DE ACEPTACION

* CA-1: Dado un producto con movimientos, cuando consulto su kárdex filtrando por rango de fechas, entonces obtengo los movimientos en orden cronológico con el saldo resultante de cada uno.
* CA-2: Dado un kárdex en pantalla, cuando solicito la exportación, entonces recibo un archivo descargable con las mismas filas mostradas.
* CA-3: Dado una consulta de kárdex, cuando se mide el tiempo de respuesta, entonces es inferior a 3 segundos, conforme a RNF-03.

VERIFICACION

inventory/tests/test_views_endpoints.py — técnicas EP, CB-D.

TRAZABILIDAD

Requisitos: RF-02
Referencia: TEX-22 del Product Backlog de TexCore","Medium","5","Sprint 3","","Kárdex de Inventario","To Do","EP-03","RF-02",""
"Story","TEX-23","TEX-23 Filtrado de bodegas por rol y sede","Como administrador de sistemas quiero que cada usuario vea solo las bodegas que le competen para mantener la segregación de funciones en el inventario.

CRITERIOS DE ACEPTACION

* CA-1: Dado un usuario de una sede, cuando lista bodegas, entonces obtiene únicamente las de su sede.
* CA-2: Dado un rol sin permiso de escritura en inventario, cuando intenta crear o modificar una bodega, entonces el sistema responde 403.

VERIFICACION

gestion/tests/test_inventory_views.py — técnicas TD, EP, CB-D.

TRAZABILIDAD

Requisitos: RNF-02
Referencia: TEX-23 del Product Backlog de TexCore","High","4","Sprint 3","","Kárdex de Inventario","To Do","EP-03","RNF-02",""
"Story","TEX-24","TEX-24 Transformación de productos con cálculo de merma","Como Jefe de Área quiero registrar la transformación de un producto en otro indicando pesos de entrada y salida para que la merma quede cuantificada por etapa.

CRITERIOS DE ACEPTACION

* CA-1: Dado una orden en curso en mi área, cuando registro una transformación con producto de salida, máquina, peso de entrada y peso de salida, entonces el sistema calcula la merma automáticamente como diferencia entre ambos pesos.
* CA-2: Dado una cadena de transformaciones, cuando registro una nueva etapa, entonces el sistema exige que el producto de entrada coincida con el producto de salida de la etapa anterior.
* CA-3: Dado un peso de salida mayor al de entrada, cuando intento registrarlo, entonces el sistema rechaza la operación por merma negativa.
* CA-4: Dado una orden de otra área o sede, cuando intento registrar una transformación sobre ella, entonces el sistema responde 403.

VERIFICACION

gestion/tests/test_production_views.py — técnicas BVA, TD, CB-D.

TRAZABILIDAD

Requisitos: RF-01, RF-02
Referencia: TEX-24 del Product Backlog de TexCore","High","8","Sprint 4","","Transformación y MRP","To Do","EP-04","RF-01","RF-02"
"Story","TEX-25","TEX-25 Bloqueo de saldos negativos de inventario","Como Bodeguero quiero que el sistema impida dejar cualquier saldo en negativo para garantizar que el inventario digital sea siempre físicamente posible.

CRITERIOS DE ACEPTACION

* CA-1: Dado un producto con saldo de 100 unidades, cuando intento una salida de 101, entonces el sistema rechaza la operación, conforme a la regla de RF-02.
* CA-2: Dado un producto con saldo de 100 unidades, cuando registro una salida de exactamente 100, entonces la operación se acepta y el saldo queda en cero.
* CA-3: Dado un consumo de producción que excede el stock disponible, cuando se procesa, entonces la transacción completa se revierte sin consumo parcial.

VERIFICACION

gestion/tests/test_descarga_quimicos_stock_p0.py, test_consumo_mezcla_service.py — técnicas BVA, EP.

TRAZABILIDAD

Requisitos: RF-02
Referencia: TEX-25 del Product Backlog de TexCore","High","5","Sprint 4","","Transformación y MRP","To Do","EP-04","RF-02",""
"Story","TEX-26","TEX-26 Alertas de stock bajo","Como Bodeguero quiero recibir aviso cuando un insumo cae bajo su mínimo para reponerlo antes de que detenga la producción.

CRITERIOS DE ACEPTACION

* CA-1: Dado un producto con stock mínimo configurado, cuando su saldo cae por debajo de ese umbral, entonces aparece en el panel de alertas de stock bajo.
* CA-2: Dado un producto exactamente en su stock mínimo, cuando se evalúan las alertas, entonces no se genera alerta, pues la condición es estrictamente menor.
* CA-3: Dado un Jefe de Área, cuando consulta sus alertas, entonces ve únicamente los insumos críticos de su propia área.

VERIFICACION

inventory/tests/test_views_endpoints.py — técnicas BVA, EP.

TRAZABILIDAD

Requisitos: RF-02
Referencia: TEX-26 del Product Backlog de TexCore","High","5","Sprint 4","","Transformación y MRP","To Do","EP-04","RF-02",""
"Story","TEX-27","TEX-27 Motor MRP de cálculo de requerimientos","Como Bodeguero quiero conocer qué materiales faltan para cubrir las órdenes abiertas para anticipar las compras necesarias.

CRITERIOS DE ACEPTACION

* CA-1: Dado un conjunto de órdenes de producción abiertas, cuando ejecuto el cálculo MRP, entonces el sistema explosiona los materiales requeridos por sus fórmulas y los contrasta con el stock disponible.
* CA-2: Dado un material cuyo requerimiento excede el stock, cuando se genera el resultado, entonces aparece una sugerencia de compra por la cantidad faltante.
* CA-3: Dado un material con stock suficiente, cuando se genera el resultado, entonces no produce sugerencia de compra.
* CA-4: Dado el mismo cálculo ejecutado por un Bodeguero y por un Ejecutivo, cuando se comparan los resultados, entonces son idénticos, por compartir ambos el mismo motor.

VERIFICACION

inventory/tests/test_mrp.py — técnica EP.

TRAZABILIDAD

Requisitos: RF-02
Referencia: TEX-27 del Product Backlog de TexCore","High","8","Sprint 4","","Transformación y MRP","To Do","EP-04","RF-02",""
"Story","TEX-28","TEX-28 Consulta de requisitos de materiales de una orden","Como Jefe de Planta quiero ver los materiales que consumirá una orden antes de iniciarla para confirmar que la planta puede ejecutarla.

CRITERIOS DE ACEPTACION

* CA-1: Dado una orden con fórmula asociada, cuando consulto sus requisitos de materiales, entonces obtengo el listado de hilos base y químicos con la cantidad necesaria.
* CA-2: Dado un material con stock insuficiente para la orden, cuando consulto los requisitos, entonces aparece señalizado como faltante.

VERIFICACION

gestion/tests/test_production_views.py — técnicas EP, CB-D.

TRAZABILIDAD

Requisitos: RF-01
Referencia: TEX-28 del Product Backlog de TexCore","Medium","3","Sprint 4","","Transformación y MRP","To Do","EP-04","RF-01",""
"Story","TEX-29","TEX-29 Registro de merma vendible","Como Bodeguero quiero que la merma aprovechable ingrese al inventario como producto vendible para no perder el valor del subproducto.

CRITERIOS DE ACEPTACION

* CA-1: Dado una merma clasificada como vendible, cuando se registra, entonces ingresa al inventario como producto disponible para venta.
* CA-2: Dado una merma clasificada como no aprovechable, cuando se registra, entonces se contabiliza como pérdida sin afectar el stock vendible.

VERIFICACION

gestion/tests/test_merma_stock_service.py — técnica EP.

TRAZABILIDAD

Requisitos: RF-02
Referencia: TEX-29 del Product Backlog de TexCore","Low","3","Sprint 4","","Transformación y MRP","To Do","EP-04","RF-02",""
"Story","TEX-30","TEX-30 Directorio de clientes con aislamiento de cartera","Como Vendedor quiero gestionar mis clientes asignados para trabajar mi cartera sin exponer la de mis compañeros.

CRITERIOS DE ACEPTACION

* CA-1: Dado mi rol de Vendedor, cuando consulto el directorio de clientes, entonces obtengo únicamente los clientes asignados a mi cartera, conforme a la regla de RF-03.
* CA-2: Dado un cliente de la cartera de otro vendedor, cuando solicito su ficha por identificador, entonces el sistema responde 404.
* CA-3: Dado mi rol de Administrador de Sede, cuando consulto el directorio, entonces obtengo todos los clientes de mi sede.

VERIFICACION

gestion/tests/test_cliente_sede_filtering.py — técnica EP.

TRAZABILIDAD

Requisitos: RF-03
Referencia: TEX-30 del Product Backlog de TexCore","High","5","Sprint 5","","Comercial y Control de Crédito","To Do","EP-05","RF-03",""
"Story","TEX-31","TEX-31 Registro de pedidos de venta","Como Vendedor quiero registrar pedidos indicando productos y condiciones para formalizar la venta en el sistema.

CRITERIOS DE ACEPTACION

* CA-1: Dado un cliente de mi cartera, cuando registro un pedido con productos, cantidades y condiciones de pago, entonces se crea el pedido y se genera el comprobante de venta.
* CA-2: Dado un pedido sin líneas de detalle, cuando intento guardarlo, entonces el sistema lo rechaza.
* CA-3: Dado un pedido confirmado, cuando consulto el estado de cuenta del cliente, entonces refleja el nuevo saldo pendiente.

VERIFICACION

gestion/tests/test_catalog_views.py — técnicas EP, TD.

TRAZABILIDAD

Requisitos: RF-03
Referencia: TEX-31 del Product Backlog de TexCore","High","5","Sprint 5","","Comercial y Control de Crédito","To Do","EP-05","RF-03",""
"Story","TEX-32","TEX-32 Validación automática de límite de crédito","Como gerente comercial quiero que el sistema bloquee pedidos que excedan el cupo del cliente para contener la exposición al riesgo de impago.

CRITERIOS DE ACEPTACION

* CA-1: Dado un cliente con cupo disponible suficiente, cuando se registra el pedido, entonces la validación lo aprueba y el pedido se confirma.
* CA-2: Dado un cliente cuyo saldo más el pedido excede su límite de crédito, cuando se intenta confirmar, entonces el sistema bloquea el pedido indicando el cupo disponible.
* CA-3: Dado un pedido que deja el saldo exactamente en el límite, cuando se confirma, entonces la operación se acepta, pues la condición de bloqueo es estrictamente mayor.
* CA-4: Dado un cliente sin límite de crédito configurado, cuando registra un pedido, entonces se aplica la política por defecto definida para la sede.

VERIFICACION

gestion/tests/test_catalog_views.py — técnicas BVA, TD.

TRAZABILIDAD

Requisitos: RF-03
Referencia: TEX-32 del Product Backlog de TexCore","High","8","Sprint 5","","Comercial y Control de Crédito","To Do","EP-05","RF-03",""
"Story","TEX-33","TEX-33 Validación de precio mínimo de venta","Como gerente comercial quiero impedir que se venda por debajo del precio base para proteger el margen de la operación.

CRITERIOS DE ACEPTACION

* CA-1: Dado una línea de pedido con precio inferior al precio base del producto, cuando intento guardarla, entonces el sistema la rechaza, conforme a la regla de RF-03.
* CA-2: Dado una línea con precio exactamente igual al precio base, cuando la guardo, entonces la operación se acepta.

VERIFICACION

gestion/tests/test_serializers.py — técnica BVA.

TRAZABILIDAD

Requisitos: RF-03
Referencia: TEX-33 del Product Backlog de TexCore","High","3","Sprint 5","","Comercial y Control de Crédito","To Do","EP-05","RF-03",""
"Story","TEX-34","TEX-34 Reconciliación de pagos con criterio FIFO","Como Vendedor quiero que los cobros se apliquen primero a las facturas más antiguas para que la antigüedad de cartera refleje la realidad.

CRITERIOS DE ACEPTACION

* CA-1: Dado un cliente con varias facturas pendientes, cuando registro un pago, entonces se aplica a las facturas en orden cronológico, de la más antigua a la más reciente.
* CA-2: Dado un pago que cubre parcialmente una factura, cuando se aplica, entonces la factura queda con saldo parcial y las posteriores intactas.
* CA-3: Dado un pago superior al total adeudado, cuando se aplica, entonces el excedente queda registrado como saldo a favor del cliente.

VERIFICACION

gestion/tests/test_pago_reversion.py — técnica STT.

TRAZABILIDAD

Requisitos: RF-03
Referencia: TEX-34 del Product Backlog de TexCore","High","8","Sprint 5","","Comercial y Control de Crédito","To Do","EP-05","RF-03",""
"Story","TEX-35","TEX-35 Reversión auditada de pagos","Como Administrador de Sede quiero revertir un pago mal registrado para corregir la cartera dejando rastro del ajuste.

CRITERIOS DE ACEPTACION

* CA-1: Dado un pago aplicado a varias facturas, cuando lo revierto, entonces todas las facturas afectadas recuperan su saldo anterior en una única transacción.
* CA-2: Dado una reversión confirmada, cuando consulto la auditoría, entonces encuentro el registro con usuario, motivo y marca de tiempo.
* CA-3: Dado un pago ya revertido, cuando intento revertirlo de nuevo, entonces el sistema impide la operación.

VERIFICACION

gestion/tests/test_pago_reversion.py — técnica STT.

TRAZABILIDAD

Requisitos: RF-03
Referencia: TEX-35 del Product Backlog de TexCore","High","5","Sprint 5","","Comercial y Control de Crédito","To Do","EP-05","RF-03",""
"Story","TEX-36","TEX-36 Estado de cuenta del cliente","Como Vendedor quiero consultar el estado de cuenta de un cliente para gestionar la cobranza con información fiable.

CRITERIOS DE ACEPTACION

* CA-1: Dado un cliente de mi cartera, cuando consulto su estado de cuenta, entonces obtengo facturas pendientes, pagos aplicados, saldo total y cupo disponible.
* CA-2: Dado un pago recién registrado, cuando vuelvo a consultar el estado de cuenta, entonces refleja el saldo actualizado sin necesidad de recalcular manualmente.

VERIFICACION

gestion/tests/test_catalog_views.py — técnica EP.

TRAZABILIDAD

Requisitos: RF-03
Referencia: TEX-36 del Product Backlog de TexCore","Medium","3","Sprint 5","","Comercial y Control de Crédito","To Do","EP-05","RF-03",""
"Story","TEX-37","TEX-37 Recetas de tintorería por fases","Como Tintorero quiero definir recetas organizadas en fases con sus insumos para estandarizar el proceso de teñido entre turnos.

CRITERIOS DE ACEPTACION

* CA-1: Dado mi rol de Tintorero, cuando creo una fórmula con sus fases y el detalle de químicos de cada una, entonces se guarda de forma atómica con todos sus detalles anidados.
* CA-2: Dado una fórmula existente, cuando la duplico, entonces la copia incluye todas las fases y todos los insumos de la original.
* CA-3: Dado mi rol de Operario, cuando intento crear una fórmula, entonces el sistema responde 403.
* CA-4: Dado un listado de fórmulas, cuando filtro por estado, entonces obtengo únicamente las que se encuentran en ese estado.

VERIFICACION

gestion/tests/test_formula_views.py — técnicas EP, TD, CB-D.

TRAZABILIDAD

Requisitos: RF-01
Referencia: TEX-37 del Product Backlog de TexCore","High","8","Sprint 6","","Tintorería y Empaquetado","To Do","EP-06","RF-01",""
"Story","TEX-38","TEX-38 Versionamiento de fórmulas de color","Como Tintorero quiero que las modificaciones generen una nueva versión para poder reproducir un color exactamente como se hizo en el pasado.

CRITERIOS DE ACEPTACION

* CA-1: Dado una fórmula ya utilizada en producción, cuando la modifico, entonces el sistema crea una nueva versión y conserva la anterior intacta.
* CA-2: Dado una orden de producción histórica, cuando consulto su fórmula, entonces obtengo la versión vigente en el momento de su ejecución, no la actual.

VERIFICACION

gestion/tests/test_formula_views.py — técnicas EP, STT.

TRAZABILIDAD

Requisitos: RF-01
Referencia: TEX-38 del Product Backlog de TexCore","High","5","Sprint 6","","Tintorería y Empaquetado","To Do","EP-06","RF-01",""
"Story","TEX-39","TEX-39 Calculadora de dosificación asociada a la orden","Como Tintorero quiero que el sistema calcule los gramos exactos de cada químico según el peso del baño para eliminar los errores de cálculo manual.

CRITERIOS DE ACEPTACION

* CA-1: Dado una fórmula con insumos expresados en gramos por litro, cuando indico el volumen del baño, entonces el sistema calcula la cantidad exacta de cada químico.
* CA-2: Dado una fórmula con insumos expresados en porcentaje sobre peso, cuando indico el peso del material, entonces el sistema aplica la fórmula porcentual correspondiente.
* CA-3: Dado un insumo con unidad no reconocida, cuando se calcula la dosificación, entonces el sistema aplica el comportamiento de respaldo definido sin interrumpir el cálculo del resto.
* CA-4: Dado una dosificación menor o igual a cero, cuando se intenta registrar, entonces el serializador la rechaza.

VERIFICACION

gestion/tests/test_services_formula.py — técnicas EP, BVA, CB-D.

TRAZABILIDAD

Requisitos: RF-01
Referencia: TEX-39 del Product Backlog de TexCore","High","8","Sprint 6","","Tintorería y Empaquetado","To Do","EP-06","RF-01",""
"Story","TEX-40","TEX-40 Descarga automática de químicos al inventario","Como Bodeguero quiero que el consumo de químicos de una orden se descuente solo para no registrar manualmente cada dosificación.

CRITERIOS DE ACEPTACION

* CA-1: Dado una orden con fórmula y bodega de químicos configuradas, cuando se crea la orden, entonces el sistema descarga del inventario los químicos calculados.
* CA-2: Dado una orden sin bodega de químicos configurada, cuando se crea, entonces el sistema informa la falta de configuración sin ejecutar descarga parcial.
* CA-3: Dado stock insuficiente de un químico, cuando se intenta la descarga, entonces la transacción completa se revierte.
* CA-4: Dado una descarga ejecutada, cuando consulto la auditoría, entonces encuentro el rastro completo de la operación.

VERIFICACION

gestion/tests/test_descarga_quimicos_validaciones.py, test_descarga_quimicos_stock_p0.py — técnicas EP, BVA, CB-D, STT.

TRAZABILIDAD

Requisitos: RF-02
Referencia: TEX-40 del Product Backlog de TexCore","High","5","Sprint 6","","Tintorería y Empaquetado","To Do","EP-06","RF-02",""
"Story","TEX-41","TEX-41 Registro de pesaje en estación de empaquetado","Como personal de Empaquetado quiero registrar el pesaje del bulto descontando la tara para que el peso neto declarado sea exacto.

CRITERIOS DE ACEPTACION

* CA-1: Dado un lote a empacar, cuando registro el peso bruto y la tara del empaque, entonces el sistema calcula y almacena el peso neto.
* CA-2: Dado una tara mayor o igual al peso bruto, cuando intento registrarla, entonces el sistema rechaza la operación.
* CA-3: Dado el flujo completo de pesaje, cuando se cuentan las interacciones, entonces no supera los tres pasos, conforme a RNF-05.

VERIFICACION

gestion/tests/test_configuracion_empaque_sede.py — técnicas EP, BVA.

TRAZABILIDAD

Requisitos: RF-01, RNF-05
Referencia: TEX-41 del Product Backlog de TexCore","High","3","Sprint 6","","Tintorería y Empaquetado","To Do","EP-06","RF-01","RNF-05"
"Story","TEX-42","TEX-42 Emisión de etiqueta ZPL para impresoras Zebra","Como personal de Empaquetado quiero imprimir la etiqueta del bulto con su código para que el lote sea identificable y escaneable en bodega.

CRITERIOS DE ACEPTACION

* CA-1: Dado un bulto pesado, cuando solicito su etiqueta, entonces el microservicio genera código ZPL con el código del lote, producto, peso neto y código de barras o QR.
* CA-2: Dado la petición de impresión, cuando llega al microservicio, entonces se autentica mediante JWT de servicio interno y rechaza peticiones sin token.
* CA-3: Dado que la impresora no responde, cuando se solicita la impresión, entonces el sistema informa el fallo sin perder el registro del bulto.

VERIFICACION

printing_service/tests, gestion/tests/test_production_views.py — técnicas EP, CB-D.

TRAZABILIDAD

Requisitos: RF-01, RF-04
Referencia: TEX-42 del Product Backlog de TexCore","High","5","Sprint 6","","Tintorería y Empaquetado","To Do","EP-06","RF-01","RF-04"
"Story","TEX-43","TEX-43 Equivalencias de empaque configurables por sede","Como Administrador de Sede quiero configurar las equivalencias de empaque de mi sede para que las conversiones respondan a la realidad de cada planta.

CRITERIOS DE ACEPTACION

* CA-1: Dado mi sede, cuando configuro la equivalencia de hilos (baño, fundas, conos), entonces el sistema la aplica solo a las conversiones de mi sede.
* CA-2: Dado dos sedes con equivalencias distintas, cuando cada una realiza una conversión, entonces cada resultado emplea su propia configuración sin interferencia.
* CA-3: Dado una sede sin configuración propia, cuando se realiza una conversión, entonces el sistema informa la ausencia de configuración en lugar de aplicar una constante del sistema.

VERIFICACION

gestion/tests/test_configuracion_empaque_sede.py — técnicas EP, CB-D.

TRAZABILIDAD

Requisitos: RNF-04
Referencia: TEX-43 del Product Backlog de TexCore","Medium","3","Sprint 6","","Tintorería y Empaquetado","To Do","EP-06","RNF-04",""
"Story","TEX-44","TEX-44 Microservicio de escaneo de códigos QR y de barras","Como personal de Despacho quiero validar cada lote escaneando su código para confirmar en segundos que corresponde al pedido correcto.

CRITERIOS DE ACEPTACION

* CA-1: Dado un lote perteneciente al pedido en curso, cuando escaneo su código QR o de barras, entonces el sistema lo valida como correcto.
* CA-2: Dado un lote que no pertenece al pedido del cliente, cuando lo escaneo, entonces el sistema lo rechaza indicando la discrepancia.
* CA-3: Dado cualquier escaneo, cuando se mide el tiempo entre la lectura y la respuesta, entonces es inferior a 2500 ms, conforme a la métrica de RNF-03.
* CA-4: Dado un código ilegible o inexistente, cuando se envía a validación, entonces el sistema responde con error controlado sin interrumpir la sesión.

VERIFICACION

scanning_service/tests — técnicas EP, BVA, CB-D.

TRAZABILIDAD

Requisitos: RF-04, RNF-03
Referencia: TEX-44 del Product Backlog de TexCore","High","8","Sprint 7","","Despacho y Dashboard Ejecutivo","To Do","EP-07","RF-04","RNF-03"
"Story","TEX-45","TEX-45 Despacho atómico con descarga de inventario","Como personal de Despacho quiero que el despacho se confirme por completo o no se confirme en absoluto para que nunca queden descargas parciales de inventario.

CRITERIOS DE ACEPTACION

* CA-1: Dado todos los lotes del pedido validados por escaneo, cuando confirmo el despacho, entonces el sistema descarga el inventario y genera la nota de despacho en una única transacción.
* CA-2: Dado un pedido con algún lote sin escanear, cuando intento confirmar el despacho, entonces el sistema lo impide, conforme a la regla de RF-04.
* CA-3: Dado un fallo en cualquier etapa (validación, descarga o generación de documentos), cuando ocurre, entonces toda la operación se revierte, sin descargas parciales ni notas incompletas.
* CA-4: Dado un despacho confirmado por error, cuando se revierte, entonces el inventario y el estado del pedido recuperan su situación previa en cascada.

VERIFICACION

inventory/tests/test_despacho_reversion.py — técnicas STT, CB-D.

TRAZABILIDAD

Requisitos: RF-04
Referencia: TEX-45 del Product Backlog de TexCore","High","8","Sprint 7","","Despacho y Dashboard Ejecutivo","To Do","EP-07","RF-04",""
"Story","TEX-46","TEX-46 Panel ejecutivo de indicadores","Como Ejecutivo quiero un tablero consolidado de producción, inventario y ventas para decidir sin depender de reportes manuales.

CRITERIOS DE ACEPTACION

* CA-1: Dado mi rol de Ejecutivo, cuando abro el panel, entonces obtengo indicadores financieros, productivos y de inventario con sus gráficos.
* CA-2: Dado una operación registrada en planta, cuando recargo el panel, entonces los indicadores reflejan el dato actualizado, conforme a la regla de RF-05.
* CA-3: Dado un usuario sin rol ejecutivo, cuando intenta acceder al panel, entonces el sistema responde 403.
* CA-4: Dado el panel abierto en una resolución de escritorio, cuando se evalúa su presentación, entonces es responsivo y legible, conforme a la regla de RF-05.

VERIFICACION

gestion/tests/test_kpi_views.py, inventory/tests/test_executive_kpi_service.py — técnicas TD, EP, CB-D.

TRAZABILIDAD

Requisitos: RF-05
Referencia: TEX-46 del Product Backlog de TexCore","High","8","Sprint 7","","Despacho y Dashboard Ejecutivo","To Do","EP-07","RF-05",""
"Story","TEX-47","TEX-47 Microservicio de reportes en Excel","Como Ejecutivo quiero exportar los reportes a Excel para analizarlos y compartirlos fuera del sistema.

CRITERIOS DE ACEPTACION

* CA-1: Dado un reporte en pantalla, cuando solicito la exportación, entonces el microservicio genera un archivo Excel descargable con los mismos datos.
* CA-2: Dado la petición de exportación, cuando llega al microservicio, entonces se autentica por JWT de servicio interno.
* CA-3: Dado que el microservicio no está disponible, cuando se solicita una exportación, entonces el sistema informa el fallo sin afectar el resto del panel.

VERIFICACION

reporting_excel/tests — técnicas EP, CB-D.

TRAZABILIDAD

Requisitos: RF-05, RNF-04
Referencia: TEX-47 del Product Backlog de TexCore","High","5","Sprint 7","","Despacho y Dashboard Ejecutivo","To Do","EP-07","RF-05","RNF-04"
"Story","TEX-48","TEX-48 Drill-down sobre los indicadores","Como Ejecutivo quiero abrir el detalle tras un indicador para entender qué compone la cifra antes de decidir.

CRITERIOS DE ACEPTACION

* CA-1: Dado un indicador del panel, cuando lo selecciono, entonces se abre el detalle de los registros que lo componen.
* CA-2: Dado el detalle abierto, cuando filtro por sede, período o área, entonces la cifra se recalcula de forma consistente con el filtro aplicado.

VERIFICACION

gestion/tests/test_kpi_views.py — técnicas EP, TD.

TRAZABILIDAD

Requisitos: RF-05
Referencia: TEX-48 del Product Backlog de TexCore","Medium","5","Sprint 7","","Despacho y Dashboard Ejecutivo","To Do","EP-07","RF-05",""
"Story","TEX-49","TEX-49 Panel de Administrador de Sistemas","Como Administrador de Sistemas quiero administrar usuarios, sedes y áreas para operar el sistema sin depender del equipo de desarrollo.

CRITERIOS DE ACEPTACION

* CA-1: Dado mi rol de Administrador de Sistemas, cuando accedo al panel, entonces puedo crear, editar y desactivar usuarios asignándoles rol y sede.
* CA-2: Dado el arranque inicial del sistema, cuando ejecuto la siembra de datos maestros, entonces se crean los grupos de permisos y la cuenta administradora, sin precrear sedes ni áreas ficticias.
* CA-3: Dado mi rol de Administrador de Sistemas, cuando creo una sede y sus áreas, entonces quedan disponibles para asignación de usuarios.

VERIFICACION

gestion/tests/test_catalog_views.py — técnicas TD, EP.

TRAZABILIDAD

Requisitos: RNF-02
Referencia: TEX-49 del Product Backlog de TexCore","High","8","Sprint 8","","Administración y Code Freeze","To Do","EP-08","RNF-02",""
"Story","TEX-50","TEX-50 Panel de Administrador de Sede","Como Administrador de Sede quiero gestionar los usuarios y catálogos de mi sede para mantener mis datos maestros sin alcance sobre otras plantas.

CRITERIOS DE ACEPTACION

* CA-1: Dado mi rol de Administrador de Sede, cuando gestiono usuarios, entonces solo puedo actuar sobre los de mi propia sede.
* CA-2: Dado un intento de acceder a datos de otra sede, cuando se procesa la petición, entonces el sistema responde 403 o 404 según corresponda.

VERIFICACION

inventory/tests/test_roles_rbac.py — técnica TD.

TRAZABILIDAD

Requisitos: RNF-02
Referencia: TEX-50 del Product Backlog de TexCore","High","5","Sprint 8","","Administración y Code Freeze","To Do","EP-08","RNF-02",""
"Story","TEX-51","TEX-51 Gestión de catálogos maestros","Como Administrador de Sede quiero mantener los catálogos de productos, químicos y proveedores para que la operación disponga de datos actualizados.

CRITERIOS DE ACEPTACION

* CA-1: Dado el catálogo de productos, cuando creo o edito un registro, entonces se guarda con su tipo, unidad de medida y precio base.
* CA-2: Dado un nombre con acentos o caracteres alfanuméricos válidos, cuando lo registro, entonces el sistema lo acepta.
* CA-3: Dado mi rol de Vendedor, cuando consulto el catálogo, entonces obtengo la vista restringida que me corresponde.

VERIFICACION

gestion/tests/test_catalog_views.py, test_serializers.py — técnicas EP, TD, BVA.

TRAZABILIDAD

Requisitos: RNF-04
Referencia: TEX-51 del Product Backlog de TexCore","High","5","Sprint 8","","Administración y Code Freeze","To Do","EP-08","RNF-04",""
"Story","TEX-52","TEX-52 Consulta del registro de auditoría","Como Administrador de Sede quiero consultar el histórico de auditoría para investigar cualquier operación registrada.

CRITERIOS DE ACEPTACION

* CA-1: Dado el panel de auditoría, cuando filtro por usuario, fecha o tipo de operación, entonces obtengo los registros coincidentes con su detalle completo.
* CA-2: Dado mi rol de Administrador de Sede, cuando consulto la auditoría, entonces obtengo únicamente los registros de mi sede.

VERIFICACION

gestion/tests/test_audit_middleware.py — técnicas EP, CB-D.

TRAZABILIDAD

Requisitos: RNF-01
Referencia: TEX-52 del Product Backlog de TexCore","High","5","Sprint 8","","Administración y Code Freeze","To Do","EP-08","RNF-01",""
"Story","TEX-53","TEX-53 Persistencia del estado de navegación en la URL","Como usuario del sistema quiero que la vista en que estoy quede reflejada en la dirección para recargar o compartir sin perder el contexto.

CRITERIOS DE ACEPTACION

* CA-1: Dado una vista con filtros aplicados, cuando recargo la página, entonces se restauran la pestaña activa y los filtros.
* CA-2: Dado una vista concreta, cuando comparto su dirección con otro usuario autorizado, entonces accede directamente a esa misma vista.

VERIFICACION

frontend/src/components/*/.test.tsx — técnica EP.

TRAZABILIDAD

Requisitos: RNF-05
Referencia: TEX-53 del Product Backlog de TexCore","Medium","5","Sprint 8","","Administración y Code Freeze","To Do","EP-08","RNF-05",""
"Story","TEX-54","TEX-54 Congelamiento de código y despliegue en staging","Como responsable del proyecto quiero congelar el código y validarlo en staging para iniciar la fase de preproducción sobre una base estable.

CRITERIOS DE ACEPTACION

* CA-1: Dado el cierre del Sprint 8, cuando se aplica el congelamiento, entonces solo se admiten correcciones de defectos, sin nuevas funcionalidades.
* CA-2: Dado el código congelado, cuando se despliega en staging, entonces el sistema completo opera con la suite en verde y la cobertura sobre el umbral exigido.
* CA-3: Dado un despliegue con incidencias, cuando se decide revertir, entonces la reversión a la versión anterior se ejecuta en un solo paso.

VERIFICACION

Pipeline de CI/CD y scripts/run_backend_tests.sh.

TRAZABILIDAD

Requisitos: RNF-04
Referencia: TEX-54 del Product Backlog de TexCore","High","3","Sprint 8","","Administración y Code Freeze","To Do","EP-08","RNF-04",""
